DEPTH,GR_3,KTH_1,URAN_1,AC_1,DEN_1
3938.19,139.465,102.812,4.972,77.084,2.70727
3938.315,138.499,100.195,5.193,77.096,2.69001
3938.44,137.838,98.314,5.364,77.148,2.67358
3938.565,136.38,95.9,5.541,77.199,2.665
3938.69,135.301,93.886,5.71,77.285,2.66749
3938.815,137.306,96.12,5.66,77.488,2.67684
3938.94,142.118,102.541,5.374,77.803,2.68647
3939.065,146.707,109.277,5.015,78.17,2.69075
3939.19,148.883,112.804,4.791,78.454,2.68803
3939.315,149.09,114.261,4.627,78.509,2.67877
3939.44,148.101,114.898,4.437,78.178,2.67099
3939.565,146.505,114.7,4.281,77.58,2.66963
3939.69,144.534,113.153,4.257,76.91,2.67388
3939.815,142.387,109.716,4.465,76.367,2.67759
3939.94,140.247,105.708,4.758,76.021,2.678
3940.065,138.955,103.125,4.964,75.896,2.678
3940.19,140.134,103.497,5.045,75.918,2.68054
3940.315,143.41,106.264,5.048,75.95,2.68647
3940.44,147.391,110.013,5.007,75.916,2.6898
3940.565,150.016,112.339,4.997,75.794,2.68339
3940.69,150.332,112.084,5.069,75.575,2.67153
3940.815,148.527,109.188,5.263,75.254,2.66383
3940.94,145.94,104.813,5.568,74.878,2.66542
3941.065,143.607,100.33,5.91,74.5,2.672
3941.19,142.544,97.393,6.167,74.206,2.67793
3941.315,142.242,95.92,6.301,74.075,2.68
3941.44,141.291,95.005,6.288,74.164,2.68092
3941.565,138.756,94.53,6.054,74.49,2.68313
3941.69,136.377,94.97,5.706,74.981,2.68899
3941.815,136.095,97.075,5.337,75.586,2.69974
3941.94,137.677,100.709,4.95,76.229,2.71241
3942.065,135.653,101.86,4.55,76.832,2.72024
3942.19,127.082,97.604,4.153,77.303,2.72124
3942.315,120.802,93.816,3.937,77.595,2.71718
3942.44,124.445,96.452,4.052,77.715,2.71404
3942.565,136.965,104.683,4.459,77.667,2.71705
3942.69,147.329,111.409,4.752,77.517,2.72033
3942.815,150.609,112.651,4.957,77.346,2.72004
3942.94,149.873,110.894,5.145,77.23,2.71397
3943.065,148.067,107.87,5.395,77.144,2.70325
3943.19,145.83,104.931,5.575,77.021,2.69094
3943.315,144.606,104.111,5.552,76.803,2.67779
3943.44,144.847,105.353,5.382,76.471,2.66614
3943.565,145.794,107.535,5.153,76.007,2.65797
3943.69,146.024,109.213,4.926,75.472,2.65355
3943.815,144.592,109.885,4.667,74.959,2.65418
3943.94,141.206,109.646,4.307,74.535,2.65891
3944.065,137.705,109.022,3.974,74.227,2.66684
3944.19,136.237,108.195,3.909,74.056,2.67604
3944.315,138.494,107.623,4.25,74.04,2.679
3944.44,142.185,107.269,4.713,74.126,2.67297
3944.565,144.525,107.033,5,74.294,2.66146
3944.69,144.124,106.883,4.983,74.541,2.65171
3944.815,142.601,106.857,4.827,74.822,2.65021
3944.94,141.751,107.862,4.592,75.093,2.65357
3945.065,141.464,110.205,4.237,75.339,2.66047
3945.19,140.216,112.961,3.712,75.548,2.66866
3945.315,138.273,115.563,3.129,75.678,2.67611
3945.44,138.107,118.494,2.709,75.71,2.68042
3945.565,140.221,121.737,2.528,75.662,2.68089
3945.69,142.62,123.69,2.561,75.527,2.6783
3945.815,143.841,123.244,2.775,75.31,2.676
3945.94,144.822,121.592,3.118,75.043,2.676
3946.065,145.712,118.808,3.599,74.77,2.67762
3946.19,144.745,113.658,4.193,74.497,2.67774
3946.315,141.712,106.265,4.881,74.214,2.67432
3946.44,139.348,100.964,5.379,73.916,2.66938
3946.565,139.974,100.053,5.587,73.609,2.66582
3946.69,143.774,103.177,5.572,73.329,2.66582
3946.815,148.217,107.53,5.468,73.162,2.667
3946.94,150.7,111.077,5.273,73.162,2.6669
3947.065,149.643,112.022,5.044,73.367,2.66526
3947.19,146.575,111.253,4.822,73.733,2.66362
3947.315,144.24,109.711,4.774,74.17,2.66295
3947.44,144.048,108.129,4.957,74.552,2.66034
3947.565,144.559,106.725,5.185,74.802,2.65739
3947.69,145.068,105.726,5.351,74.91,2.65505
3947.815,145.018,104.864,5.442,74.895,2.65674
3947.94,143.65,104.889,5.26,74.821,2.66434
3948.065,140.712,106.384,4.685,74.742,2.67421
3948.19,137.79,108.284,4.048,74.698,2.6835
3948.315,135.865,108.942,3.708,74.677,2.69158
3948.44,133.96,108.17,3.562,74.654,2.69737
3948.565,131.294,106.178,3.488,74.631,2.70326
3948.69,129.499,104.025,3.55,74.635,2.70593
3948.815,130.348,103.259,3.743,74.704,2.70287
3948.94,132.103,102.919,3.987,74.86,2.69326
3949.065,132.816,102.26,4.167,75.118,2.67912
3949.19,132.557,102.247,4.178,75.465,2.66658
3949.315,133.271,103.374,4.121,75.836,2.65721
3949.44,135.01,105.078,4.112,76.194,2.65318
3949.565,136.283,105.435,4.23,76.511,2.652
3949.69,136.702,104.453,4.435,76.781,2.65163
3949.815,136.944,102.876,4.704,76.995,2.64917
3949.94,137.36,101.475,4.97,77.174,2.647
3950.065,138.014,100.504,5.2,77.35,2.64811
3950.19,139.534,101.589,5.245,77.547,2.6505
3950.315,142.323,106.213,4.946,77.75,2.65379
3950.44,145.335,112.711,4.412,77.907,2.65911
3950.565,146.372,117.429,3.898,77.932,2.66501
3950.69,145.062,120.651,3.304,77.813,2.67063
3950.815,142.417,122.869,2.671,77.593,2.67295
3950.94,139.666,122.55,2.357,77.361,2.67141
3951.065,137.075,118.934,2.51,77.227,2.66705
3951.19,134.829,113.645,2.933,77.262,2.66052
3951.315,133.392,109.455,3.31,77.409,2.65597
3951.44,132.82,106.999,3.563,77.507,2.65632
3951.565,132.491,105.464,3.728,77.439,2.65879
3951.69,131.853,104.479,3.795,77.213,2.65626
3951.815,131.633,104.845,3.731,76.902,2.64861
3951.94,132.745,107.795,3.467,76.611,2.64186
3952.065,135.504,112.641,3.138,76.468,2.64342
3952.19,139.244,117.732,2.899,76.524,2.653
3952.315,141.4,119.628,2.904,76.728,2.66382
3952.44,140.661,117.416,3.114,76.934,2.66772
3952.565,138.01,112.776,3.43,77.044,2.66424
3952.69,136.201,110.084,3.584,76.967,2.66044
3952.815,136.529,110.877,3.504,76.722,2.66279
3952.94,137.849,113.75,3.26,76.369,2.67021
3953.065,137.629,116.255,2.905,76.04,2.67644
3953.19,136.172,118.201,2.48,75.859,2.679
3953.315,135.774,120.163,2.175,75.926,2.67824
3953.44,137.623,122.021,2.169,76.212,2.6774
3953.565,140.435,123.153,2.381,76.627,2.67908
3953.69,142.351,122.144,2.766,77.059,2.68168
3953.815,143.858,119.522,3.312,77.386,2.68168
3953.94,145.284,115.824,3.985,77.539,2.67908
3954.065,146,112.887,4.472,77.495,2.67318
3954.19,145.915,111.431,4.674,77.34,2.66677
3954.315,145.645,112.088,4.563,77.153,2.65947
3954.44,145.548,114.098,4.278,77.041,2.65395
3954.565,145.361,116.213,3.964,77.078,2.65351
3954.69,144.539,117.261,3.717,77.305,2.66162
3954.815,142.715,116.622,3.576,77.657,2.67547
3954.94,140.501,114.69,3.56,77.998,2.69073
3955.065,139.316,113.382,3.576,78.16,2.70162
3955.19,138.902,112.761,3.59,78.044,2.70911
3955.315,137.968,112.366,3.525,77.669,2.71201
3955.44,135.569,111.798,3.326,77.156,2.71171
3955.565,134.184,112.736,3.04,76.745,2.70684
3955.69,136.059,116.043,2.83,76.588,2.69933
3955.815,140.656,119.673,2.924,76.754,2.69274
3955.94,144.703,121.587,3.182,77.153,2.68858
3956.065,146.189,120.687,3.501,77.714,2.68614
3956.19,146.046,118.109,3.857,78.317,2.686
3956.315,145.934,115.435,4.227,78.862,2.687
3956.44,146.71,114.031,4.51,79.253,2.687
3956.565,148.381,114.318,4.646,79.362,2.68378
3956.69,149.7,115.223,4.65,79.085,2.67674
3956.815,149.188,115.886,4.478,78.375,2.66921
3956.94,147.028,115.877,4.21,77.438,2.66866
3957.065,144.234,114.813,4.02,76.488,2.67584
3957.19,141.803,112.405,4.053,75.776,2.68671
3957.315,140.143,110.004,4.196,75.413,2.69575
3957.44,140.477,108.796,4.391,75.397,2.69889
3957.565,142.278,108.752,4.588,75.592,2.69592
3957.69,143.773,109.172,4.687,75.848,2.69149
3957.815,143.565,109.185,4.668,76.122,2.68818
3957.94,141.705,108.85,4.523,76.41,2.68892
3958.065,139.849,108.852,4.326,76.72,2.69318
3958.19,140.124,110.363,4.164,77.058,2.69574
3958.315,142.992,112.486,4.232,77.383,2.69209
3958.44,146.938,114.425,4.445,77.626,2.68292
3958.565,149.366,115.207,4.623,77.705,2.67371
3958.69,149.391,114.987,4.668,77.643,2.67191
3958.815,147.773,113.716,4.68,77.497,2.67868
3958.94,146.557,112.899,4.662,77.36,2.68789
3959.065,147.172,113.906,4.584,77.329,2.693
3959.19,148.466,115.953,4.437,77.469,2.68957
3959.315,148.245,116.471,4.343,77.774,2.6775
3959.44,147.458,115.609,4.383,78.162,2.6617
3959.565,148.068,115.148,4.521,78.552,2.64855
3959.69,149.8,115.261,4.696,78.843,2.64258
3959.815,150.832,114.934,4.846,78.97,2.64333
3959.94,149.976,113.137,4.987,78.898,2.65291
3960.065,147.945,110.73,5.074,78.695,2.66608
3960.19,145.16,108.105,5.093,78.431,2.68088
3960.315,142.328,105.432,5.116,78.201,2.69049
3960.44,140.245,103.115,5.198,78.095,2.694
3960.565,139.404,101.823,5.289,78.151,2.69218
3960.69,140.583,102.241,5.369,78.325,2.68891
3960.815,143.872,103.292,5.63,78.516,2.68682
3960.94,149.385,104.857,6.099,78.649,2.686
3961.065,156.827,107.798,6.612,78.666,2.68453
3961.19,163.799,111.254,6.998,78.578,2.68168
3961.315,166.739,112.523,7.198,78.44,2.6775
3961.44,164.933,110.573,7.299,78.356,2.67639
3961.565,161.163,108.082,7.273,78.382,2.67805
3961.69,159,107.964,7.084,78.55,2.68
3961.815,158.72,110.082,6.753,78.818,2.67969
3961.94,158.927,113.775,6.244,79.134,2.67805
3962.065,159.454,118.29,5.655,79.414,2.68078
3962.19,160.1,122.643,5.108,79.602,2.68864
3962.315,159.332,125.046,4.676,79.703,2.69921
3962.44,155.826,122.744,4.556,79.782,2.70451
3962.565,150.893,117.116,4.729,79.886,2.70222
3962.69,147.606,112.488,4.98,80.025,2.69405
3962.815,148.248,110.835,5.292,80.165,2.68483
3962.94,151.833,110.888,5.71,80.24,2.67884
3963.065,155.909,112.186,6.021,80.165,2.677
3963.19,158.136,113.808,6.087,79.946,2.67871
3963.315,159.141,115.112,6.053,79.651,2.681
3963.44,160.806,117.151,5.987,79.377,2.67974
3963.565,163.172,118.832,6.032,79.176,2.67362
3963.69,164.554,118.789,6.19,79.045,2.66447
3963.815,163.652,117.12,6.312,78.957,2.65524
3963.94,161.7,115.802,6.267,78.889,2.64961
3964.065,159.803,114.919,6.149,78.829,2.64884
3964.19,157.571,114.509,5.919,78.774,2.65732
3964.315,154.742,114.824,5.505,78.743,2.67107
3964.44,151.35,114.765,5.071,78.739,2.68358
3964.565,148.414,112.999,4.939,78.702,2.68721
3964.69,147.047,110.691,5.076,78.586,2.68176
3964.815,147.782,108.693,5.409,78.372,2.67189
3964.94,148.926,106.274,5.849,78.105,2.66111
3965.065,149.169,103.489,6.263,77.835,2.65124
3965.19,148.693,100.887,6.603,77.619,2.64297
3965.315,149.155,99.015,6.946,77.459,2.63824
3965.44,151.696,98.61,7.297,77.317,2.64253
3965.565,155.112,99.334,7.584,77.142,2.65474
3965.69,157.09,99.713,7.783,76.933,2.66779
3965.815,156.61,99.031,7.886,76.733,2.67361
3965.94,155.34,98.189,7.937,76.645,2.66932
3966.065,155.4,98.447,7.957,76.746,2.65837
3966.19,157.235,100.274,7.917,77.066,2.64593
3966.315,159.341,102.765,7.804,77.509,2.63689
3966.44,160.953,105.337,7.624,77.978,2.636
3966.565,161.785,107.129,7.464,78.385,2.64387
3966.69,161.533,108.086,7.304,78.708,2.65316
3966.815,159.748,108.012,7.12,78.971,2.65692
3966.94,157.029,106.839,6.973,79.244,2.65061
3967.065,154.708,105.154,6.941,79.572,2.63953
3967.19,153.881,104.06,6.993,79.936,2.62894
3967.315,154.459,104.248,7.013,80.24,2.62403
3967.44,155.719,105.503,6.955,80.4,2.62213
3967.565,157.28,108.016,6.761,80.339,2.62377
3967.69,158.506,111.112,6.461,80.026,2.62622
3967.815,158.796,113.859,6.121,79.501,2.63121
3967.94,158.536,115.517,5.867,78.88,2.63982
3968.065,158.614,116.668,5.711,78.371,2.65429
3968.19,158.694,116.277,5.762,78.079,2.67171
3968.315,156.961,111.549,6.23,78.053,2.68466
3968.44,154.27,104.633,6.923,78.216,2.687
3968.565,153.089,99.473,7.549,78.468,2.67684
3968.69,155.807,98.291,8.028,78.625,2.66068
3968.815,161.25,99.655,8.468,78.628,2.64597
3968.94,166.989,102.65,8.727,78.559,2.63855
3969.065,170.784,105.286,8.785,78.565,2.64127
3969.19,172.001,105.794,8.838,78.692,2.65647
3969.315,170.545,104.206,8.923,78.949,2.68574
3969.44,167.545,101.049,9.067,79.26,2.71916
3969.565,164.309,97.693,9.21,79.509,2.74305
3969.69,162.726,96.141,9.264,79.582,2.74305
3969.815,163.446,97.375,9.16,79.513,2.72512
3969.94,165.436,100.389,8.943,79.374,2.70479
3970.065,166.768,103.4,8.691,79.252,2.69368
3970.19,167.509,105.425,8.526,79.211,2.68978
3970.315,168.552,106.95,8.474,79.274,2.68729
3970.44,170.164,108.243,8.517,79.404,2.6815
3970.565,171.928,109.385,8.586,79.531,2.67443
3970.69,174.193,110.72,8.675,79.6,2.66867
3970.815,177.791,112.965,8.769,79.566,2.66516
3970.94,181.892,115.774,8.811,79.416,2.66194
3971.065,183.813,117.738,8.69,79.15,2.65891
3971.19,182.591,117.196,8.591,78.83,2.65229
3971.315,176.805,113.071,8.314,78.521,2.64407
3971.44,172.607,109.238,8.1,78.286,2.63876
3971.565,170.682,106.56,8.034,78.149,2.63626
3971.69,171.408,105.591,8.18,78.133,2.63791
3971.815,174.567,106.527,8.488,78.202,2.64108
3971.94,179.252,109.122,8.796,78.26,2.64674
3972.065,184.044,115.284,8.988,78.245,2.65414
3972.19,186.005,117.862,9.042,78.123,2.6633
3972.315,187.087,119.366,9.015,77.868,2.67263
3972.44,185.453,119.657,8.856,77.462,2.684
3972.565,182.076,119.216,8.55,76.985,2.70372
3972.69,178.253,118.014,8.291,76.521,2.73255
3972.815,174.406,115.625,8.193,76.141,2.76575
3972.94,171.591,113.395,8.189,75.924,2.78751
3973.065,171.602,112.426,8.329,75.947,2.78626
3973.19,175.095,112.178,8.79,76.213,2.75857
3973.315,180.119,112.321,9.363,76.621,2.72086
3973.44,185.476,111.731,10.102,77.148,2.68476
3973.565,190.453,110.465,10.924,77.761,2.6573
3973.69,194.8,109.782,11.572,78.361,2.63655
3973.815,198.824,110.934,11.852,78.854,2.62168
3973.94,203.289,113.18,12.01,79.176,2.61413
3974.065,206.921,115.419,12.089,79.282,2.61413
3974.19,206.381,114.93,12.145,79.125,2.61813
3974.315,202.564,112.065,12.213,78.821,2.62442
3974.44,199.488,109.231,12.334,78.512,2.63095
3974.565,200.079,107.708,12.58,78.319,2.63753
3974.69,201.984,106.197,12.916,78.271,2.64155
3974.815,203.103,103.971,13.276,78.34,2.64209
3974.94,203.018,101.403,13.59,78.389,2.64045
3975.065,202.412,98.965,13.834,78.278,2.6378
3975.19,201.07,96.74,13.975,77.961,2.63617
3975.315,198.707,94.916,13.979,77.511,2.63795
3975.44,196.43,94.361,13.805,77.042,2.64359
3975.565,195.188,94.955,13.558,76.71,2.65101
3975.69,194.222,96.667,13.191,76.655,2.65361
3975.815,192.56,99.131,12.666,76.846,2.64884
3975.94,190.462,102.13,12.02,77.121,2.645
3976.065,189.495,104.89,11.495,77.308,2.65447
3976.19,189.94,107.534,11.099,77.372,2.67545
3976.315,189.131,108.944,10.779,77.391,2.68819
3976.44,185.461,109.039,10.329,77.578,2.68016
3976.565,179.275,107.657,9.812,78.157,2.65866
3976.69,173.53,105.3,9.499,79.192,2.63013
3976.815,171.557,104.102,9.461,80.409,2.60042
3976.94,174.726,105.822,9.55,81.409,2.59361
3977.065,181.22,109.432,9.744,81.796,2.6093
3977.19,188.566,112.986,10.079,81.53,2.62216
3977.315,194.396,115.49,10.4,80.801,2.624
3977.44,197.676,116.696,10.589,80.052,2.62709
3977.565,197.593,116.35,10.637,79.53,2.633
3977.69,193.451,113.774,10.566,79.327,2.64058
3977.815,187.262,110.335,10.326,79.257,2.64671
3977.94,180.697,107.441,9.952,79.134,2.66021
3978.065,175.359,105.554,9.638,78.864,2.68732
3978.19,172.556,104.846,9.445,78.595,2.72074
3978.315,173.526,106.574,9.299,78.529,2.74342
3978.44,178.411,110.447,9.332,78.777,2.74113
3978.565,184.868,113.104,9.762,79.249,2.71514
3978.69,190.168,113.081,10.43,79.83,2.67845
3978.815,194.43,112.059,11.07,80.395,2.64688
3978.94,199.115,109.104,12.014,80.885,2.62884
3979.065,204.207,104.336,13.268,81.288,2.62737
3979.19,207.697,101.622,14.026,81.641,2.63563
3979.315,207.698,101.815,14.028,81.935,2.64976
3979.44,204.126,103.642,13.502,82.104,2.66103
3979.565,200.613,106.304,12.829,82.141,2.6635
3979.69,199.697,109.115,12.318,82.065,2.65753
3979.815,201.214,111.873,12.009,81.922,2.64784
3979.94,202.533,114.245,11.739,81.758,2.6368
3980.065,201.787,114.513,11.593,81.603,2.62611
3980.19,199.129,112.272,11.626,81.46,2.62189
3980.315,195.963,109.474,11.677,81.329,2.63011
3980.44,193.412,107.737,11.656,81.223,2.65279
3980.565,192.08,107.426,11.574,81.165,2.67779
3980.69,192.494,108.383,11.477,81.189,2.692
3980.815,195.355,111.991,11.284,81.395,2.68739
3980.94,199.99,117.648,11.033,81.811,2.67211
3981.065,204.977,123.254,10.822,82.394,2.65846
3981.19,207.435,125.229,10.828,83.029,2.65342
3981.315,207.24,124.168,11.007,83.603,2.65279
3981.44,206.197,121.053,11.392,83.925,2.65029
3981.565,206.164,117.607,11.912,83.955,2.643
3981.69,206.949,114.278,12.486,83.774,2.63182
3981.815,207.344,111.495,12.952,83.457,2.61779
3981.94,208.606,109.604,13.369,83.117,2.60547
3982.065,213.122,108.943,13.945,82.781,2.59895
3982.19,220.259,109.734,14.571,82.413,2.598
3982.315,225.564,111.108,14.88,81.989,2.6
3982.44,226.558,111.679,14.852,81.491,2.6
3982.565,222.374,110.306,14.664,80.825,2.59614
3982.69,213.534,108.297,14.02,79.924,2.593
3982.815,199.947,108.423,12.185,78.752,2.59479
3982.94,184.644,109.972,9.804,77.28,2.60224
3983.065,170.533,108.736,8.177,75.513,2.61347
3983.19,156.719,103.68,7.175,73.51,2.62736
3983.315,140.216,95.009,6.131,71.492,2.64553
3983.44,122.224,82.207,5.396,69.644,2.66516
3983.565,107.096,68.837,5.274,68.195,2.6787
3983.69,98.014,60.953,5.281,67.367,2.67909
3983.815,95.663,59.091,5.276,67.259,2.66676
3983.94,99.16,62.974,5.137,67.922,2.65336
3984.065,104.337,68.737,4.956,69.12,2.64961
3984.19,108.4,73.551,4.789,70.677,2.65763
3984.315,110.67,76.306,4.707,72.361,2.67284
3984.44,113.616,80.058,4.595,73.946,2.68612
3984.565,120.546,85.776,4.689,75.335,2.69087
3984.69,134.761,91.588,5.772,76.496,2.68547
3984.815,154.01,94.688,7.968,77.446,2.67613
3984.94,172.203,96.503,10.128,78.163,2.66626
3985.065,183.245,98.154,11.163,78.646,2.65786
3985.19,187.48,98.828,11.49,78.918,2.652
3985.315,188.071,98.262,11.671,78.951,2.65413
3985.44,187.397,97.466,11.786,78.732,2.6631
3985.565,185.277,97.224,11.694,78.297,2.67292
3985.69,181.981,98.356,11.246,77.762,2.67663
3985.815,179.425,100.095,10.744,77.275,2.67518
3985.94,179.181,102.772,10.302,76.953,2.67118
3986.065,180.579,106.867,9.814,76.956,2.67055
3986.19,180.917,110.675,9.29,77.287,2.671
3986.315,178.893,113.768,8.666,77.851,2.671
3986.44,175.988,115.5,8.136,78.496,2.66853
3986.565,174.174,116.277,7.867,79.182,2.667
3986.69,174.797,116.71,7.882,79.919,2.66925
3986.815,176.225,117.517,7.927,80.68,2.67558
3986.94,178.264,118.697,7.988,81.435,2.68104
3987.065,182.325,121.102,8.123,82.103,2.68066
3987.19,187.282,123.948,8.306,82.518,2.67211
3987.315,190.061,126.087,8.33,82.545,2.6632
3987.44,187.525,126.176,8.048,82.161,2.66278
3987.565,182.145,124.083,7.732,81.592,2.67432
3987.69,176.637,119.773,7.703,81.027,2.68941
3987.815,172.889,115.008,7.946,80.678,2.69449
3987.94,172.021,112.071,8.248,80.661,2.68611
3988.065,175.366,109.343,8.964,81.033,2.66396
3988.19,181.505,105.84,10.097,81.679,2.63892
3988.315,186.766,102.623,11.085,82.433,2.61713
3988.44,187.952,100.798,11.458,83.141,2.60121
3988.565,186.677,98.615,11.657,83.648,2.59329
3988.69,185.332,96.771,11.794,83.848,2.593
3988.815,184.211,95.495,11.847,83.683,2.60087
3988.94,182.485,93.878,11.876,83.349,2.61221
3989.065,180.031,91.533,11.963,83.053,2.62353
3989.19,178.354,89.819,12.056,83.017,2.63126
3989.315,178.962,90.122,12.08,83.317,2.6352
3989.44,182.187,92.349,12.125,83.939,2.63684
3989.565,186.461,95.403,12.198,84.67,2.63897
3989.69,189.541,97.891,12.233,85.294,2.64247
3989.815,190.226,98.987,12.224,85.685,2.64829
3989.94,190.659,99.87,12.224,85.849,2.65141
3990.065,192.733,101.155,12.307,85.879,2.65192
3990.19,195.797,102.183,12.486,85.882,2.64795
3990.315,197.399,102.096,12.649,85.859,2.64168
3990.44,196.989,101.004,12.745,85.749,2.63612
3990.565,195.539,99.573,12.798,85.523,2.63239
3990.69,193.328,98.539,12.708,85.21,2.632
3990.815,189.504,98.574,12.272,84.844,2.632
3990.94,184.978,99.218,11.677,84.584,2.632
3991.065,182.92,100.348,11.252,84.597,2.63451
3991.19,184.576,102.575,11.013,84.919,2.64103
3991.315,186.117,104.846,10.76,85.397,2.64879
3991.44,184.963,105.424,10.495,85.865,2.65291
3991.565,182.302,104.355,10.332,86.105,2.65127
3991.69,179.657,103.168,10.221,85.923,2.64937
3991.815,175.877,101.517,10.04,85.315,2.65409
3991.94,170.43,99.015,9.773,84.426,2.66684
3992.065,167.223,97.608,9.616,83.572,2.68103
3992.19,168.577,98.746,9.605,82.977,2.6888
3992.315,172.012,101.527,9.556,82.846,2.68414
3992.44,174.019,103.536,9.477,83.17,2.67211
3992.565,174.782,104.449,9.428,83.866,2.6573
3992.69,175.435,105.4,9.358,84.678,2.64156
3992.815,175.264,106.277,9.21,85.363,2.62821
3992.94,172.776,105.753,9.005,85.731,2.62067
3993.065,168.932,103.605,8.858,85.691,2.61842
3993.19,166.214,101.233,8.839,85.237,2.62226
3993.315,166.339,100.316,8.901,84.315,2.63118
3993.44,166.793,99.918,8.934,83.035,2.64304
3993.565,164.324,97.908,8.932,81.565,2.65776
3993.69,158.019,94.073,8.795,80.15,2.66909
3993.815,152.832,91.281,8.618,79.045,2.6697
3993.94,153.566,92.159,8.579,78.53,2.65795
3994.065,160.75,97.042,8.735,78.821,2.64268
3994.19,168.613,101.74,8.979,79.672,2.63518
3994.315,172.148,101.368,9.428,80.8,2.64008
3994.44,171.223,96.329,10.1,81.944,2.65268
3994.565,169.756,91.062,10.783,82.947,2.6611
3994.69,171.829,88.195,11.443,83.642,2.65905
3994.815,178.056,86.866,12.292,84.04,2.64895
3994.94,185.183,86.91,13.035,84.236,2.63582
3995.065,188.308,88.837,13.104,84.216,2.62571
3995.19,186.082,91.745,12.511,83.975,2.621
3995.315,180.916,95.362,11.523,83.563,2.62195
3995.44,177.119,98.322,10.703,83.066,2.62616
3995.565,175.038,99.675,10.269,82.511,2.62633
3995.69,172.847,101.316,9.735,81.854,2.61966
3995.815,169.077,103.221,8.965,81.104,2.609
3995.94,165.198,104.912,8.229,80.355,2.603
3996.065,163.301,106.218,7.79,79.684,2.60616
3996.19,163.534,107.919,7.518,79.132,2.61737
3996.315,164.362,109.515,7.326,78.717,2.6282
3996.44,163.213,109.012,7.24,78.436,2.63171
3996.565,158.532,104.143,7.345,78.209,2.63066
3996.69,151.649,96.593,7.553,78.039,2.63
3996.815,146.347,91.228,7.677,78.093,2.63163
3996.94,145.534,90.657,7.667,78.486,2.63553
3997.065,149.292,94.988,7.47,79.244,2.63882
3997.19,154.471,101.889,7.098,80.277,2.63689
3997.315,157.758,107.561,6.718,81.372,2.62989
3997.44,158.168,110.259,6.437,82.33,2.6192
3997.565,158.197,112.452,6.176,83,2.61011
3997.69,159.487,115.486,5.918,83.395,2.60721
3997.815,160.208,117.003,5.797,83.551,2.61275
3997.94,158.592,114.984,5.902,83.542,2.62416
3998.065,156.685,111.063,6.225,83.401,2.63408
3998.19,157.349,108.462,6.623,83.119,2.63633
3998.315,159.074,106.604,7.011,82.744,2.62942
3998.44,158.905,104.06,7.315,82.379,2.62221
3998.565,156.117,100.685,7.516,82.219,2.62378
3998.69,153.483,98.275,7.621,82.38,2.63413
3998.815,153.296,98.084,7.655,82.927,2.64796
3998.94,156.429,100.825,7.654,83.792,2.65857
3999.065,161.923,105.298,7.679,84.735,2.66168
3999.19,167.418,109.35,7.748,85.497,2.65604
3999.315,169.93,110.833,7.819,85.892,2.64266
3999.44,169.26,110.166,7.844,85.925,2.62513
3999.565,166.174,108.139,7.807,85.671,2.60929
3999.69,162.105,106.649,7.547,85.33,2.60129
3999.815,157.914,105.951,7.102,85.037,2.602
3999.94,154.837,105.607,6.717,84.845,2.60918
4000.065,153.627,105.467,6.518,84.645,2.61528
4000.19,153.789,105.903,6.399,84.295,2.61324
4000.315,151.452,104.248,6.329,83.655,2.60409
4000.44,141.613,96.486,6.268,82.763,2.59301
4000.565,127.987,85.467,6.174,81.743,2.58647
4000.69,122.771,78.898,6.451,80.854,2.58696
4000.815,129.046,79.825,7.014,80.293,2.59236
4000.94,139.292,84.172,7.475,80.196,2.59882
4001.065,142.977,85.79,7.636,80.467,2.60601
4001.19,141.721,84.621,7.773,80.898,2.61416
4001.315,142.033,84.25,7.941,81.259,2.61937
4001.44,145.215,85.102,8.237,81.397,2.6167
4001.565,149.923,86.843,8.584,81.28,2.60824
4001.69,154.365,89.116,8.798,80.969,2.59958
4001.815,157.666,91.542,8.824,80.643,2.59649
4001.94,159.586,93.441,8.782,80.432,2.60241
4002.065,159.424,94.599,8.659,80.435,2.61011
4002.19,157.211,95.2,8.444,80.664,2.61283
4002.315,154.387,95.331,8.224,81.111,2.60959
4002.44,154.093,96.305,8.089,81.663,2.60366
4002.565,158.498,101.118,7.907,82.185,2.60227
4002.69,168.357,110.655,7.775,82.559,2.60934
4002.815,179.771,120.518,7.811,82.733,2.61958
4002.94,187.261,125.734,7.982,82.733,2.63006
4003.065,185.637,122.135,8.256,82.647,2.63758
4003.19,177.93,110.906,8.884,82.554,2.64129
4003.315,169.121,99,9.545,82.443,2.64107
4003.44,164.355,93.128,9.879,82.315,2.63787
4003.565,163.735,90.996,10.118,82.207,2.63621
4003.69,165.281,89.996,10.402,82.159,2.63957
4003.815,167.501,89.696,10.631,82.274,2.64495
4003.94,170.919,91.477,10.753,82.647,2.64926
4004.065,176.892,97.7,10.691,83.28,2.651
4004.19,184.384,106.927,10.466,83.965,2.65282
4004.315,190.849,114.422,10.284,84.517,2.655
4004.44,195.391,117.697,10.367,84.784,2.65361
4004.565,199.639,118.58,10.684,84.679,2.6457
4004.69,202.685,118.021,11.088,84.186,2.63224
4004.815,201.893,116.028,11.294,83.509,2.61905
4004.94,192.697,113.27,11.147,83.028,2.60875
4005.065,191.594,111.147,10.74,82.981,2.60321
4005.19,188.041,108.779,10.608,83.506,2.60408
4005.315,187.116,108.779,10.428,84.358,2.61103
4005.44,184.889,107.987,10.125,84.927,2.62253
4005.565,172.028,103.978,9.232,84.337,2.63714
4005.69,149.729,94.437,7.588,82.35,2.65183
4005.815,123.375,80.67,6.08,79.13,2.66589
4005.94,106.09,71.597,5.171,75.529,2.67414
4006.065,103.731,70.516,5.049,72.418,2.67597
4006.19,114.352,77.494,5.282,70.762,2.67268
4006.315,127.67,86.698,5.644,70.555,2.671
4006.44,139.072,94.803,5.986,71.4,2.671
4006.565,148.68,101.373,6.151,72.78,2.66668
4006.69,156.469,106.282,6.335,74.224,2.65599
4006.815,155.871,105.555,6.493,75.44,2.64129
4006.94,146.415,98.404,6.55,76.289,2.6315
4007.065,139.528,94.046,6.499,76.834,2.63058
4007.19,145.063,99.517,6.485,77.089,2.63868
4007.315,157.565,110.037,6.481,77.104,2.64911
4007.44,165.818,116.62,6.468,76.997,2.65613
4007.565,167.838,119.174,6.369,76.888,2.6587
4007.69,169.581,121.909,6.229,76.823,2.66168
4007.815,170.459,123.831,6.108,76.779,2.66695
4007.94,168.505,122.909,6.043,76.733,2.66838
4008.065,165.202,120.281,6.047,76.73,2.66089
4008.19,163.02,117.657,6.161,76.87,2.64411
4008.315,162.996,116.236,6.339,77.279,2.62655
4008.44,163.478,115.231,6.515,77.924,2.61289
4008.565,163.852,114.251,6.678,78.69,2.60551
4008.69,164.773,113.883,6.808,79.341,2.60253
4008.815,165.779,114.016,6.875,79.694,2.60442
4008.94,165.216,112.667,6.981,79.639,2.6125
4009.065,162.595,108.631,7.239,79.292,2.62334
4009.19,159.704,103.628,7.599,78.815,2.63208
4009.315,158.729,100.485,7.896,78.352,2.63567
4009.44,159.126,98.771,8.125,78.007,2.63569
4009.565,159.19,97.442,8.272,77.815,2.63405
4009.69,158.051,96.382,8.285,77.763,2.63022
4009.815,156.523,96.143,8.167,77.789,2.6253
4009.94,155.345,96.892,7.956,77.872,2.62039
4010.065,155.057,98.838,7.669,78.005,2.62
4010.19,155.883,102.128,7.309,78.17,2.62016
4010.315,157.683,106.427,6.916,78.346,2.62179
4010.44,159.464,110.035,6.615,78.502,2.62243
4010.565,160.259,111.79,6.461,78.592,2.62523
4010.69,159.558,111.337,6.441,78.531,2.63013
4010.815,158.272,109.853,6.484,78.279,2.63471
4010.94,157.232,108.323,6.55,77.859,2.637
4011.065,155.77,106.529,6.6,77.316,2.63637
4011.19,152.714,103.541,6.61,76.747,2.63445
4011.315,148.694,99.864,6.593,76.236,2.63208
4011.44,146.248,97.442,6.599,75.865,2.62734
4011.565,145.828,96.633,6.629,75.604,2.62341
4011.69,145.924,96.429,6.647,75.41,2.62016
4011.815,144.966,95.9,6.63,75.256,2.61947
4011.94,144.108,95.66,6.602,75.143,2.62
4012.065,145.236,97.792,6.463,75.113,2.62
4012.19,148.122,102.416,6.185,75.232,2.62
4012.315,151.353,107.295,5.908,75.524,2.62108
4012.44,153.575,110.116,5.777,75.954,2.62368
4012.565,154.72,111.404,5.726,76.449,2.625
4012.69,155.026,111.569,5.728,76.612,2.62212
4012.815,153.796,109.812,5.818,76.52,2.61597
4012.94,150.924,105.374,6.071,76.06,2.60805
4013.065,146.875,98.655,6.485,75.265,2.60324
4013.19,143.042,92.533,6.863,74.313,2.60458
4013.315,140.862,89.449,7.046,73.454,2.61079
4013.44,141.089,89.255,7.086,72.901,2.61901
4013.565,142.921,90.917,7.036,72.786,2.62779
4013.69,144.798,93.028,6.941,73.081,2.632
4013.815,145.527,94.346,6.853,73.678,2.62983
4013.94,145.709,95.063,6.787,74.318,2.62489
4014.065,146.059,95.673,6.74,74.842,2.62
4014.19,146.01,95.53,6.749,75.144,2.61736
4014.315,144.5,93.298,6.902,75.244,2.617
4014.44,141.817,89.538,7.165,75.189,2.61608
4014.565,140.053,86.744,7.397,75.067,2.61487
4014.69,140.966,86.15,7.583,74.954,2.613
4014.815,145.273,86.997,7.966,74.896,2.61384
4014.94,151.696,88.335,8.593,74.929,2.61895
4015.065,157.85,89.954,9.131,75.056,2.62553
4015.19,161.936,91.58,9.327,75.278,2.63053
4015.315,163.945,92.55,9.367,75.566,2.62796
4015.44,164.266,92.699,9.376,75.911,2.61647
4015.565,161.508,91.801,9.225,76.32,2.60081
4015.69,155.679,91.787,8.517,76.729,2.58836
4015.815,148.924,92.801,7.516,77.059,2.58403
4015.94,144.481,93.763,6.842,77.185,2.58944
4016.065,142.506,94.646,6.493,77.027,2.59825
4016.19,141.595,96.1,6.162,76.524,2.60737
4016.315,140.901,97.231,5.893,75.761,2.61719
4016.44,140.454,97.576,5.765,74.949,2.62686
4016.565,139.845,96.888,5.77,74.242,2.63426
4016.69,138.626,94.962,5.892,73.735,2.63745
4016.815,137.305,92.545,6.082,73.445,2.638
4016.94,136.852,90.85,6.271,73.346,2.63874
4017.065,137.561,90.159,6.438,73.339,2.64
4017.19,138.879,90.006,6.594,73.377,2.641
4017.315,139.953,89.889,6.721,73.449,2.64166
4017.44,140.224,89.504,6.824,73.533,2.643
4017.565,140.64,89.072,6.906,73.619,2.64207
4017.69,140.696,88.79,6.976,73.689,2.63611
4017.815,140.664,88.548,7.028,73.738,2.62545
4017.94,140.281,88.331,7.04,73.768,2.61401
4018.065,139.44,86.71,7.018,73.789,2.605
4018.19,138.305,82.601,7.028,73.807,2.60086
4018.315,137.144,76.814,7.163,73.829,2.60078
4018.44,136.356,73.997,7.324,73.868,2.60384
4018.565,136.255,76.474,7.431,73.926,2.60706
4018.69,137.162,83.116,7.511,73.997,2.6073
4018.815,138.837,85.331,7.589,74.066,2.60363
4018.94,140.76,86.574,7.644,74.116,2.59705
4019.065,142.199,85.912,7.696,74.127,2.59114
4019.19,142.898,85.156,7.77,74.112,2.59053
4019.315,142.961,84.378,7.833,74.087,2.59472
4019.44,142.747,84.019,7.843,74.07,2.6017
4019.565,142.555,84.286,7.796,74.069,2.60718
4019.69,142.482,84.805,7.737,74.087,2.608
4019.815,142.498,85.274,7.672,74.118,2.60608
4019.94,142.174,86.047,7.547,74.155,2.60279
4020.065,142.192,87.611,7.34,74.202,2.60175
4020.19,142.635,89.394,7.134,74.264,2.60691
4020.315,143.047,90.936,6.954,74.337,2.61616
4020.44,142.918,92.61,6.705,74.402,2.62401
4020.565,141.98,94.325,6.376,74.441,2.62409
4020.69,140.687,95.699,6.06,74.441,2.61726
4020.815,139.929,96.165,5.919,74.381,2.60645
4020.94,140.147,96.308,5.921,74.267,2.59711
4021.065,141.477,96.379,6.048,74.118,2.59139
4021.19,143.013,95.477,6.328,73.98,2.58646
4021.315,143.945,93.332,6.717,73.905,2.58271
4021.44,144.077,90.831,7.072,73.947,2.58021
4021.565,143.498,88.599,7.324,74.137,2.58374
4021.69,142.658,86.694,7.501,74.463,2.59253
4021.815,141.69,85.205,7.608,74.896,2.60426
4021.94,141.018,84.393,7.649,75.345,2.611
4022.065,141.203,84.505,7.632,75.734,2.60804
4022.19,142.387,85.328,7.595,76.004,2.59858
4022.315,143.036,85.68,7.573,76.167,2.58734
4022.44,141.798,83.825,7.671,76.238,2.58027
4022.565,138.803,79.772,7.9,76.287,2.57745
4022.69,135.976,75.96,8.127,76.393,2.5758
4022.815,134.561,74.032,8.257,76.595,2.57251
4022.94,134.353,73.256,8.36,76.902,2.56563
4023.065,134.77,73.005,8.484,77.337,2.55764
4023.19,136.009,73.244,8.659,77.9,2.555
4023.315,137.952,73.976,8.864,78.446,2.56216
4023.44,142.477,76.277,9.04,78.85,2.57851
4023.565,154.409,80.777,9.86,79.018,2.59775
4023.69,172.91,84.399,11.856,78.951,2.607
4023.815,192.199,86.359,14.087,78.735,2.6022
4023.94,204.916,87.121,15.137,78.662,2.59042
4024.065,210.677,87.019,15.496,78.994,2.58647
4024.19,208.687,84.197,15.768,79.806,2.59241
4024.315,191.497,73.48,15.557,80.932,2.597
4024.44,164.48,58.103,14.87,82.078,2.59011
4024.565,145.263,48.589,14.15,82.94,2.56796
4024.69,146.882,51.975,13.897,83.267,2.54282
4024.815,160.356,61.235,13.739,83.066,2.52461
4024.94,170.157,67.202,13.664,82.414,2.52
4025.065,172.05,69.227,13.633,81.517,2.52482
4025.19,172.284,70.494,13.635,80.536,2.534
4025.315,174.025,72.504,13.678,79.629,2.54093
4025.44,177.456,74.874,13.808,78.908,2.544
4025.565,181.964,76.771,14.068,78.467,2.544
4025.69,185.788,77.485,14.338,78.363,2.54657
4025.815,187.103,76.81,14.551,78.452,2.54942
4025.94,184.969,73.571,14.783,78.541,2.55016
4026.065,180.384,67.993,15.068,78.421,2.54605
4026.19,175.305,62.507,15.265,78.007,2.53848
4026.315,170.926,58.956,15.257,77.277,2.53271
4026.44,167.355,56.916,15.13,76.402,2.52778
4026.565,164.668,55.897,14.974,75.581,2.52284
4026.69,163.899,56.094,14.828,75.009,2.51726
4026.815,165.032,57.511,14.637,74.761,2.513
4026.94,167.327,59.7,14.414,74.813,2.50618
4027.065,168.81,61.281,14.229,75.057,2.50461
4027.19,168.195,61.542,14.072,75.312,2.509
4027.315,166.051,60.946,13.908,75.419,2.51647
4027.44,162.918,60.001,13.749,75.197,2.52411
4027.565,158.164,58.276,13.467,74.674,2.529
4027.69,151.553,55.734,12.899,73.988,2.52818
4027.815,145.254,53.464,12.349,73.366,2.52366
4027.94,141.338,52.124,12.115,72.944,2.51891
4028.065,139.297,51.279,12.061,72.821,2.518
4028.19,137.678,50.703,11.965,72.917,2.52011
4028.315,137.814,50.7,11.883,73.026,2.52605
4028.44,140.409,50.798,11.975,72.945,2.53263
4028.565,141.935,50.573,12.04,72.668,2.53629
4028.69,139.879,50.242,11.833,72.222,2.53607
4028.815,135.463,50.066,11.429,71.658,2.53068
4028.94,132.429,50.009,11.151,71.136,2.52416
4029.065,131.483,50.254,10.998,70.798,2.51843
4029.19,130.835,50.48,10.854,70.672,2.519
4029.315,130.175,50.646,10.694,70.694,2.52379
4029.44,130.156,50.766,10.531,70.861,2.53366
4029.565,130.898,50.892,10.405,71.079,2.54211
4029.69,130.742,50.451,10.342,71.179,2.54811
4029.815,123.918,47.339,10.258,71.056,2.55
4029.94,109.34,41.235,9.75,70.796,2.54932
4030.065,95.3,35.473,9.041,70.465,2.54508
4030.19,96.988,35.892,9.129,70.137,2.54014
4030.315,113.272,42.209,10.217,69.932,2.53521
4030.44,132.801,50.192,11.32,69.915,2.53031
4030.565,143.161,54.758,11.649,70.032,2.52792
4030.69,146.392,56.385,11.767,70.198,2.527
4030.815,148.233,57.743,11.955,70.399,2.52618
4030.94,150.986,59.913,12.225,70.617,2.52408
4031.065,153.633,61.838,12.456,70.823,2.51958
4031.19,156.05,62.764,12.677,71.035,2.5123
4031.315,159.725,62.471,13.345,71.287,2.50371
4031.44,165.099,61.474,14.462,71.567,2.49589
4031.565,174.742,62.111,15.503,71.85,2.49134
4031.69,193.515,64.31,17.264,72.117,2.49391
4031.815,221.46,67.909,20.411,72.303,2.50263
4031.94,248.414,73.154,23.017,72.257,2.51743
4032.065,263.812,77.636,23.778,71.969,2.53668
4032.19,266.111,78.72,23.68,71.533,2.55555
4032.315,260.137,77.52,23.498,71.155,2.56601
4032.44,245.567,74.583,22.689,71.004,2.5627
4032.565,220.84,71.605,20.014,71.224,2.54553
4032.69,194.852,68.987,16.981,71.795,2.52714
4032.815,177.424,66.955,15.204,72.53,2.51593
4032.94,172.675,66.871,14.746,73.205,2.51713
4033.065,173.722,69.425,14.27,73.738,2.52375
4033.19,174.647,72.256,13.748,74.193,2.53193
4033.315,173.038,75.403,13.015,74.664,2.53789
4033.44,169.258,79.818,11.901,75.212,2.54227
4033.565,164.894,84.132,10.719,75.873,2.54391
4033.69,162.519,86.432,10.051,76.65,2.54189
4033.815,160.853,87.145,9.711,77.455,2.53961
4033.94,151.858,83.109,9.236,78.169,2.538
4034.065,132.623,72.187,8.388,78.665,2.54142
4034.19,113.232,59.431,7.766,78.848,2.54512
4034.315,105.737,53.23,7.745,78.555,2.54525
4034.44,109.578,53.819,7.952,77.82,2.53963
4034.565,115.742,56.554,8.103,76.891,2.52977
4034.69,119.111,58.04,8.262,76.124,2.52132
4034.815,123.657,60.347,8.468,75.736,2.51732
4034.94,131.61,64.708,8.845,75.764,2.52376
4035.065,143.395,70.755,9.446,76.089,2.54129
4035.19,153.923,75.302,10.048,76.366,2.56703
4035.315,157.793,77.272,10.125,76.318,2.59499
4035.44,151.628,76.724,9.563,75.832,2.62018
4035.565,137.144,74.172,8.35,75.075,2.63911
4035.69,118.132,70.333,6.443,74.253,2.64661
4035.815,101.325,65.704,4.827,73.572,2.63866
4035.94,91.079,60.29,4.291,73.114,2.61766
4036.065,88.394,57.277,4.412,72.911,2.5897
4036.19,88.427,55.742,4.571,72.856,2.56674
4036.315,88.569,54.225,4.733,72.835,2.552
4036.44,88.946,53.065,4.897,72.769,2.55258
4036.565,90.066,53.11,5.007,72.693,2.56687
4036.69,91.304,54.043,5.038,72.657,2.59358
4036.815,91.966,54.897,5.022,72.654,2.62418
4036.94,93.505,58.083,4.798,72.642,2.64658
4037.065,97.237,66.533,4.151,72.579,2.65468
4037.19,101.65,76.084,3.44,72.379,2.65105
4037.315,104.303,81.492,3.058,71.979,2.64488
4037.44,104.799,83.114,2.921,71.339,2.64705
4037.565,105.153,84.557,2.794,70.505,2.65686
4037.69,106.717,87.096,2.653,69.559,2.6682
4037.815,109.804,91.281,2.473,68.613,2.67437
4037.94,113.084,95.528,2.309,67.858,2.67799
4038.065,114.598,97.609,2.223,67.488,2.68577
4038.19,112.404,95.937,2.202,67.683,2.70287
4038.315,108.754,93.101,2.161,68.302,2.72475
4038.44,107.555,92.31,2.131,69.146,2.74006
4038.565,111.256,95.86,2.133,69.907,2.74247
4038.69,117.276,101.084,2.205,70.388,2.73597
4038.815,122.175,104.38,2.387,70.499,2.72697
4038.94,124.532,104.218,2.7,70.312,2.71876
4039.065,125.409,102.682,3.021,69.979,2.70945
4039.19,125.848,101.084,3.295,69.611,2.70036
4039.315,126.311,99.835,3.512,69.233,2.69253
4039.44,126.929,98.992,3.679,68.818,2.68799
4039.565,126.626,98.165,3.739,68.402,2.68635
4039.69,124.12,98.104,3.434,68.08,2.68342
4039.815,119.54,99.528,2.659,67.893,2.6792
4039.94,114.842,101.011,1.848,67.845,2.678
4040.065,111.946,101.246,1.435,67.865,2.68042
4040.19,111.122,101.278,1.315,67.804,2.68457
4040.315,110.561,101.223,1.239,67.456,2.68799
4040.44,108.607,99.288,1.236,66.804,2.69039
4040.565,104.931,94.84,1.345,65.922,2.69533
4040.69,101.056,90.318,1.443,64.982,2.69883
4040.815,98.462,87.763,1.451,64.129,2.70111
4040.94,97.757,87.428,1.401,63.487,2.7037
4041.065,98.059,88.001,1.35,63.02,2.70801
4041.19,98.426,88.618,1.299,62.618,2.71292
4041.315,97.984,88.342,1.265,62.136,2.715
4041.44,96.578,86.808,1.275,61.505,2.71474
4041.565,94.563,84.314,1.332,60.777,2.71489
4041.69,91.124,80.492,1.402,60.161,2.71708
4041.815,83.765,73.891,1.341,59.765,2.72073
4041.94,71.48,63.671,1.06,59.589,2.72808
4042.065,58.435,52.732,0.762,59.5,2.74253
4042.19,49.239,44.398,0.666,59.263,2.76545
4042.315,45.544,40.75,0.687,58.581,2.78611
4042.44,44.24,39.083,0.744,57.447,2.79462
4042.565,43.521,37.889,0.813,56.089,2.78882
4042.69,43.317,37.248,0.873,54.798,2.77739
4042.815,44.121,37.423,0.946,53.778,2.76588
4042.94,46.868,39.252,1.043,53.127,2.75247
4043.065,51.803,43.671,1.098,52.851,2.73347
